--
-- PostgreSQL database dump
--

-- Dumped from database version 10.6 (Ubuntu 10.6-1.pgdg16.04+1)
-- Dumped by pg_dump version 11.2

SET statement_timeout = 0;
SET lock_timeout = 0;
SET idle_in_transaction_session_timeout = 0;
SET client_encoding = 'UTF8';
SET standard_conforming_strings = on;
SELECT pg_catalog.set_config('search_path', '', false);
SET check_function_bodies = false;
SET client_min_messages = warning;
SET row_security = off;

--
-- Name: myapp; Type: SCHEMA; Schema: -; Owner: zkncppoeqymykr
--

CREATE SCHEMA myapp;


ALTER SCHEMA myapp OWNER TO zkncppoeqymykr;

--
-- Name: SCHEMA myapp; Type: COMMENT; Schema: -; Owner: zkncppoeqymykr
--

COMMENT ON SCHEMA myapp IS 'standard public schema';


SET default_tablespace = '';

SET default_with_oids = false;

--
-- Name: order; Type: TABLE; Schema: myapp; Owner: zkncppoeqymykr
--

CREATE TABLE myapp."order" (
    id integer NOT NULL,
    user_id integer,
    name_receiver character varying(255),
    number_phone character varying(255),
    address character varying(255),
    price integer,
    product_id integer,
    status character varying(255),
    number integer,
    created_at timestamp without time zone,
    image text
);


ALTER TABLE myapp."order" OWNER TO zkncppoeqymykr;

--
-- Name: order_id_seq; Type: SEQUENCE; Schema: myapp; Owner: zkncppoeqymykr
--

CREATE SEQUENCE myapp.order_id_seq
    START WITH 1
    INCREMENT BY 1
    NO MINVALUE
    NO MAXVALUE
    CACHE 1;


ALTER TABLE myapp.order_id_seq OWNER TO zkncppoeqymykr;

--
-- Name: order_id_seq; Type: SEQUENCE OWNED BY; Schema: myapp; Owner: zkncppoeqymykr
--

ALTER SEQUENCE myapp.order_id_seq OWNED BY myapp."order".id;


--
-- Name: product; Type: TABLE; Schema: myapp; Owner: zkncppoeqymykr
--

CREATE TABLE myapp.product (
    id integer NOT NULL,
    name character varying(255),
    image text,
    description text,
    price bigint
);


ALTER TABLE myapp.product OWNER TO zkncppoeqymykr;

--
-- Name: product_template; Type: TABLE; Schema: myapp; Owner: zkncppoeqymykr
--

CREATE TABLE myapp.product_template (
    id integer NOT NULL,
    product_id integer,
    width integer,
    height integer,
    url text,
    "right" integer,
    "left" integer,
    top integer,
    bottom integer
);


ALTER TABLE myapp.product_template OWNER TO zkncppoeqymykr;

--
-- Name: product_template_id_seq; Type: SEQUENCE; Schema: myapp; Owner: zkncppoeqymykr
--

CREATE SEQUENCE myapp.product_template_id_seq
    AS integer
    START WITH 1
    INCREMENT BY 1
    NO MINVALUE
    NO MAXVALUE
    CACHE 1;


ALTER TABLE myapp.product_template_id_seq OWNER TO zkncppoeqymykr;

--
-- Name: product_template_id_seq; Type: SEQUENCE OWNED BY; Schema: myapp; Owner: zkncppoeqymykr
--

ALTER SEQUENCE myapp.product_template_id_seq OWNED BY myapp.product_template.id;


--
-- Name: user; Type: TABLE; Schema: myapp; Owner: zkncppoeqymykr
--

CREATE TABLE myapp."user" (
    id integer NOT NULL,
    name character varying(255),
    email character varying(255),
    password character varying(255)
);


ALTER TABLE myapp."user" OWNER TO zkncppoeqymykr;

--
-- Name: user_id_seq; Type: SEQUENCE; Schema: myapp; Owner: zkncppoeqymykr
--

CREATE SEQUENCE myapp.user_id_seq
    AS integer
    START WITH 1
    INCREMENT BY 1
    NO MINVALUE
    NO MAXVALUE
    CACHE 1;


ALTER TABLE myapp.user_id_seq OWNER TO zkncppoeqymykr;

--
-- Name: user_id_seq; Type: SEQUENCE OWNED BY; Schema: myapp; Owner: zkncppoeqymykr
--

ALTER SEQUENCE myapp.user_id_seq OWNED BY myapp."user".id;


--
-- Name: order id; Type: DEFAULT; Schema: myapp; Owner: zkncppoeqymykr
--

ALTER TABLE ONLY myapp."order" ALTER COLUMN id SET DEFAULT nextval('myapp.order_id_seq'::regclass);


--
-- Name: product_template id; Type: DEFAULT; Schema: myapp; Owner: zkncppoeqymykr
--

ALTER TABLE ONLY myapp.product_template ALTER COLUMN id SET DEFAULT nextval('myapp.product_template_id_seq'::regclass);


--
-- Name: user id; Type: DEFAULT; Schema: myapp; Owner: zkncppoeqymykr
--

ALTER TABLE ONLY myapp."user" ALTER COLUMN id SET DEFAULT nextval('myapp.user_id_seq'::regclass);


--
-- Data for Name: order; Type: TABLE DATA; Schema: myapp; Owner: zkncppoeqymykr
--

COPY myapp."order" (id, user_id, name_receiver, number_phone, address, price, product_id, status, number, created_at, image) FROM stdin;
109	11	Dinh Quy	+84962834394	chùa láng	200000	7	PENDING	1	2019-02-10 14:40:59.6	https://res.cloudinary.com/hoang1005/image/upload/v1549809658/cbnh1nyjskuumwxu31c7.png
97	9	Tran The Hoang	0336432725	hoang@gmail.com	150000	5	PENDING	1	2019-01-08 14:23:16.888	https://res.cloudinary.com/hoang1005/image/upload/v1546957396/g6ylvraihu69mn3buopw.png
99	5	Quang	0983127312	Ho Tung Mau 	100000	2	PENDING	1	2019-01-08 14:29:59.756	https://res.cloudinary.com/hoang1005/image/upload/v1546957798/vvgvylqihewiwerr9rvp.png
98	1	HoanTran	00000000	Uet	100000	1	PENDING	1	2019-01-08 14:29:06.24	https://res.cloudinary.com/hoang1005/image/upload/v1546957745/gewo6rkaqkdqwe7igrcw.png
100	7	hoan	99999	uet	50000	4	PENDING	1	2019-01-08 14:36:53.156	https://res.cloudinary.com/hoang1005/image/upload/v1546958212/keflt6ixcxfv7ywtwjcr.png
101	5	Toan	031293129	165 Cau Giay	150000	5	PENDING	1	2019-01-08 15:34:19.003	https://res.cloudinary.com/hoang1005/image/upload/v1546961658/vzwt78rc2fcm7zrxifsw.png
102	5				100000	1	DRAFT	1	2019-01-08 15:35:29.236	https://res.cloudinary.com/hoang1005/image/upload/v1546957745/gewo6rkaqkdqwe7igrcw.png
103	10	Cut	012345678	ha noi	150000	5	PENDING	1	2019-01-08 16:12:32.728	https://res.cloudinary.com/hoang1005/image/upload/v1546957396/g6ylvraihu69mn3buopw.png
113	11	ghj	fhhb	dj jgg	50000	4	PENDING	1	2019-04-09 16:48:29.765	https://res.cloudinary.com/hoang1005/image/upload/v1546958212/keflt6ixcxfv7ywtwjcr.png
114	11	ghj	fhhb	dj jgg	200000	7	PENDING	1	2019-04-10 00:53:16.615	https://res.cloudinary.com/hoang1005/image/upload/v1549809658/cbnh1nyjskuumwxu31c7.png
105	10	Hoàn 	098888	Uet	50000	4	PENDING	1	2019-01-08 16:13:18.671	https://res.cloudinary.com/hoang1005/image/upload/v1546958212/keflt6ixcxfv7ywtwjcr.png
106	10	Hoàn 	098888	Uet	100000	2	PENDING	1	2019-01-08 16:28:49.13	https://res.cloudinary.com/hoang1005/image/upload/v1546964927/io5saavvwrleoz9nivsc.png
107	10	Hoàn 	098888	Uet	100000	2	PENDING	1	2019-01-08 16:31:25.418	https://res.cloudinary.com/hoang1005/image/upload/v1546957798/vvgvylqihewiwerr9rvp.png
108	10	Hoàn 	098888	Uet	100000	1	PENDING	1	2019-01-09 01:55:07.527	https://res.cloudinary.com/hoang1005/image/upload/v1546998905/okecjj9hnidwvjhaz1ru.png
\.


--
-- Data for Name: product; Type: TABLE DATA; Schema: myapp; Owner: zkncppoeqymykr
--

COPY myapp.product (id, name, image, description, price) FROM stdin;
7	Mens Crewneck Sweatshirts	https://res.cloudinary.com/hoang1005/image/upload/v1546438035/product/9a.jpg		200000
2	Gildan Ultra Cotton Ladies T‑Shirt	https://res.cloudinary.com/hoang1005/image/upload/v1545839893/product/2.png	A slimming lightweight t‑shirt that's cut just for the ladies. Easy on the wallet and brings a feminine touch to your next event!	100000
4	Yupoong Retro Trucker Hat	https://res.cloudinary.com/hoang1005/image/upload/v1545839896/product/6.png	An updated classic that won't break the bank! This hat perfectly combines style and function.	50000
1	Cotton Heritage Ultra Soft Hand T-Shirt	https://res.cloudinary.com/hoang1005/image/upload/v1545839894/product/1.png	A great look. Priced right. And this t‑shirt feels softer with every wash ‑ it's no wonder our customers love this "ultra" popular style!	100000
6	Mens Pullover Hoodie	https://res.cloudinary.com/hoang1005/image/upload/v1546438035/product/8a.jpg	This ridiculously soft hoodie comes in trendy heather and marble colors for your group to show off their style! Premium look and feel without going way over budget? Totally worth it.	300000
5	Midweight Contrast Handles Cotton Canvas Tote Bag	https://res.cloudinary.com/hoang1005/image/upload/v1545839897/product/7.png	This economy bag is a great give away for a large group or for promotional use. Perfect for your next event!	150000
3	Bella Canvas Ladies Flowy Racerback Tank	https://res.cloudinary.com/hoang1005/image/upload/v1545839895/product/4.png	Bring on the luxurious flowy fabric and a fashion‑forward silhouette in this trendy tank! Perfect for yoga studios, college groups or just a girls night out!	70000
\.


--
-- Data for Name: product_template; Type: TABLE DATA; Schema: myapp; Owner: zkncppoeqymykr
--

COPY myapp.product_template (id, product_id, width, height, url, "right", "left", top, bottom) FROM stdin;
2	2	150	180	https://res.cloudinary.com/hoang1005/image/upload/v1545839897/product/2b.png	-20	0	0	20
3	3	150	200	https://res.cloudinary.com/hoang1005/image/upload/v1545839897/product/4a.png	0	0	0	20
4	4	140	160	https://res.cloudinary.com/hoang1005/image/upload/v1545839898/product/6a.png	0	0	0	40
5	5	180	180	https://res.cloudinary.com/hoang1005/image/upload/v1545839898/product/7a.png	0	0	60	0
6	6	150	180	https://res.cloudinary.com/hoang1005/image/upload/v1545839898/product/8.png	0	0	0	20
1	1	150	250	https://res.cloudinary.com/hoang1005/image/upload/v1545839896/product/1a.png	0	0	0	0
7	7	140	190	https://res.cloudinary.com/hoang1005/image/upload/v1546438035/product/9.jpg	0	0	0	60
\.


--
-- Data for Name: user; Type: TABLE DATA; Schema: myapp; Owner: zkncppoeqymykr
--

COPY myapp."user" (id, name, email, password) FROM stdin;
1	hihi	hihi	hihi
2	hoang	hoanggiagia@gmail.com	1
3	quang	quang@gmail.com	1
4	messi	messi@gmail.com	1
5	Hoang	hoang@gmail.com	10051997
6	ddd	dsadasdas@gmail.com	sadá
7	Tran Hoan	hoantran@gmail.com	1234
8	Hoantran	hoan@gmail.com	1234
9	hoang1	hoang1@gmail.com	10051997
10	Tn.hoan141@gmail.com	tn.hoan141@gmail.com	1234
11	quydc	quy.dc98@gmail.com	02111998
\.


--
-- Name: order_id_seq; Type: SEQUENCE SET; Schema: myapp; Owner: zkncppoeqymykr
--

SELECT pg_catalog.setval('myapp.order_id_seq', 114, true);


--
-- Name: product_template_id_seq; Type: SEQUENCE SET; Schema: myapp; Owner: zkncppoeqymykr
--

SELECT pg_catalog.setval('myapp.product_template_id_seq', 1, false);


--
-- Name: user_id_seq; Type: SEQUENCE SET; Schema: myapp; Owner: zkncppoeqymykr
--

SELECT pg_catalog.setval('myapp.user_id_seq', 11, true);


--
-- Name: order order_pk; Type: CONSTRAINT; Schema: myapp; Owner: zkncppoeqymykr
--

ALTER TABLE ONLY myapp."order"
    ADD CONSTRAINT order_pk PRIMARY KEY (id);


--
-- Name: product product_pk; Type: CONSTRAINT; Schema: myapp; Owner: zkncppoeqymykr
--

ALTER TABLE ONLY myapp.product
    ADD CONSTRAINT product_pk PRIMARY KEY (id);


--
-- Name: product_template product_template_pkey; Type: CONSTRAINT; Schema: myapp; Owner: zkncppoeqymykr
--

ALTER TABLE ONLY myapp.product_template
    ADD CONSTRAINT product_template_pkey PRIMARY KEY (id);


--
-- Name: user user_pkey; Type: CONSTRAINT; Schema: myapp; Owner: zkncppoeqymykr
--

ALTER TABLE ONLY myapp."user"
    ADD CONSTRAINT user_pkey PRIMARY KEY (id);


--
-- Name: SCHEMA myapp; Type: ACL; Schema: -; Owner: zkncppoeqymykr
--

REVOKE ALL ON SCHEMA myapp FROM postgres;
REVOKE ALL ON SCHEMA myapp FROM PUBLIC;
GRANT ALL ON SCHEMA myapp TO zkncppoeqymykr;
GRANT ALL ON SCHEMA myapp TO PUBLIC;


--
-- Name: LANGUAGE plpgsql; Type: ACL; Schema: -; Owner: postgres
--

GRANT ALL ON LANGUAGE plpgsql TO zkncppoeqymykr;


--
-- PostgreSQL database dump complete
--

